-- ─── 20 Users (password: pass1234) ───────────────────────────────────────────
INSERT OR IGNORE INTO users (username, password, age, cnic, address, phone) VALUES
('alice',   '$2a$12$4r3JoZJgExzUrmWu1eQVFOKOC3QoquQieQ2cg9ejzQV1.gk7IKlki', 28, '35201-1234567-1', '12 Baker St, Lahore',     '+92-300-1111001'),
('bob',     '$2a$12$Q7SguXpaC.Osiay4NXqNe.2yy0GlkOM89If0z8TLSykr3flhXHTra', 34, '35202-2345678-2', '45 Garden Rd, Karachi',    '+92-300-1111002'),
('carol',   '$2a$12$bmPVJY2fFan7lN.XRSM5Ne84odBddYACLEAQ/uY1qrqz6AcjhIGBO', 22, '35203-3456789-3', '78 Mall Rd, Islamabad',    '+92-300-1111003'),
('david',   '$2a$12$bwwjREy4vl8KQdqoT10aGeb0lRWOUVCDmChYaNqBN9rR1VoloKazm', 45, '35204-4567890-4', '9 Clifton Blvd, Karachi',  '+92-300-1111004'),
('emma',    '$2a$12$HfrAhVvIyljtbGOR2miKzuJdK6tiHnuVxPxhmI1hOByVFMV0gpyT6', 31, '35205-5678901-5', '33 Model Town, Lahore',    '+92-300-1111005'),
('frank',   '$2a$12$6sovdKr.nBDcg/C4sFiaXu3U90bIYH79r1SG.CAn5ny90zIc94LFe', 27, '35206-6789012-6', '21 F-7, Islamabad',        '+92-300-1111006'),
('grace',   '$2a$12$zVlqg0.ZXLF5tqzP0wTbguLfRnw.2SnCyR7k9VGnAepF..yW0xDay', 38, '35207-7890123-7', '5 DHA Phase 2, Lahore',    '+92-300-1111007'),
('henry',   '$2a$12$8ptT92qPT0yqAdFmVSk.cuKTJzGP2PNprcz1W7MBZ5tPA2n2NEHwm', 52, '35208-8901234-8', '17 Gulshan, Karachi',      '+92-300-1111008'),
('iris',    '$2a$12$aQ/86AqkP6nWBS3MrcT3N.IpeBZLAUZcrhrb.EWVSPRPduGKuTvsi', 24, '35209-9012345-9', '88 Johar Town, Lahore',    '+92-300-1111009'),
('jack',    '$2a$12$uFqhzNx8/IhxQ7Jteg5TYOKuryWRwyAxdV9gWOtDIc7HA7RYyC2PW', 41, '35210-0123456-0', '3 Blue Area, Islamabad',   '+92-300-1111010'),
('karen',   '$2a$12$YIy8ckHkoMODCKfuaR/CBu1Qryb.x/apfbN/8PZMuoH2UGmOaecWe', 29, '35211-1234560-1', '66 Saddar, Karachi',       '+92-300-1111011'),
('leo',     '$2a$12$ESmYQBEGAgXC2FA85pYuOeC.ppPx6IDZyy6HpfF1Jdt61WIkgv2RW', 36, '35212-2345601-2', '14 Wapda Town, Lahore',    '+92-300-1111012'),
('mia',     '$2a$12$bl5/sa4ieb15nH0uTZLIp.iZPLG8aG0KIHnsUviV3gfv8lgeqiCZO', 23, '35213-3456012-3', '29 G-9, Islamabad',        '+92-300-1111013'),
('noah',    '$2a$12$AjqkYpGics4UyoK4oPHgVeCqB5z85kri.JYfnbVATTkqeeYhp7yIa', 47, '35214-4560123-4', '7 PECHS, Karachi',         '+92-300-1111014'),
('olivia',  '$2a$12$ZYTdN6//sVNXdlawGJBopeEBCdEDCqoYN9hToMFpEz0zqK8yZtDJC', 33, '35215-5601234-5', '55 Bahria Town, Lahore',   '+92-300-1111015'),
('peter',   '$2a$12$h70CwAb5mmRcWMo6h4MbDe4SiDz6GzfneOzEVSqCJyUCgvKmDRozy', 26, '35216-6012345-6', '11 E-11, Islamabad',       '+92-300-1111016'),
('quinn',   '$2a$12$wTsACW3PaqYKUX5qe2VtsOKRYxE/QgHg.gL8psYilzP/wIZmGIe7W', 39, '35217-0123457-7', '43 North Nazimabad, Karachi','+92-300-1111017'),
('rachel',  '$2a$12$AF5g.PtRDPyPrGTdNiGJiuEK/qRlcqcD5J2mgvyFSIL6CnDJFNUai', 30, '35218-1234568-8', '19 Gulberg, Lahore',       '+92-300-1111018'),
('sam',     '$2a$12$BwXULlvT1EhYqAQbJ9IEhOkcjdSkdhx2LHSQ9p1JU06XnAaagguE6', 44, '35219-2345679-9', '6 F-10, Islamabad',        '+92-300-1111019'),
('tina',    '$2a$12$vCMdb0Ah..IdExKYJkELUu4ru/sc8/J1ZsgRZj6udBkoSESTit/Ya',  25, '35220-3456780-0', '82 Korangi, Karachi',      '+92-300-1111020');

-- ─── 20 Accounts ─────────────────────────────────────────────────────────────
INSERT OR IGNORE INTO accounts (user_id, account_type, account_number, balance) VALUES
(1,  'Savings',  'AC1-0000000001', 500000),
(2,  'Current',  'AC2-0000000002', 1250000),
(3,  'Savings',  'AC3-0000000003', 320000),
(4,  'Current',  'AC4-0000000004', 8750000),
(5,  'Savings',  'AC5-0000000005', 150000),
(6,  'Current',  'AC6-0000000006', 2200000),
(7,  'Savings',  'AC7-0000000007', 670000),
(8,  'Current',  'AC8-0000000008', 4300000),
(9,  'Savings',  'AC9-0000000009', 95000),
(10, 'Current',  'AC10-000000010', 3100000),
(11, 'Savings',  'AC11-000000011', 410000),
(12, 'Current',  'AC12-000000012', 1800000),
(13, 'Savings',  'AC13-000000013', 230000),
(14, 'Current',  'AC14-000000014', 6600000),
(15, 'Savings',  'AC15-000000015', 780000),
(16, 'Current',  'AC16-000000016', 990000),
(17, 'Savings',  'AC17-000000017', 340000),
(18, 'Current',  'AC18-000000018', 2750000),
(19, 'Savings',  'AC19-000000019', 125000),
(20, 'Current',  'AC20-000000020', 5500000);

-- ─── 20 Transactions ─────────────────────────────────────────────────────────
INSERT OR IGNORE INTO transactions (account_id, type, amount, description, timestamp) VALUES
(1,  'Deposit',    200000, 'Salary credit',          '2025-07-01 09:00:00'),
(2,  'Withdrawal', 50000,  'ATM withdrawal',          '2025-07-02 10:30:00'),
(3,  'Deposit',    100000, 'Freelance payment',       '2025-07-03 11:00:00'),
(4,  'Transfer',   300000, 'Rent transfer',           '2025-07-04 12:00:00'),
(5,  'Deposit',    75000,  'Part-time income',        '2025-07-05 08:45:00'),
(6,  'Withdrawal', 120000, 'Grocery shopping',        '2025-07-06 14:00:00'),
(7,  'Deposit',    250000, 'Business revenue',        '2025-07-07 09:30:00'),
(8,  'Transfer',   500000, 'Investment transfer',     '2025-07-08 16:00:00'),
(9,  'Deposit',    40000,  'Gift received',           '2025-07-09 11:15:00'),
(10, 'Withdrawal', 200000, 'Car maintenance',         '2025-07-10 13:00:00'),
(11, 'Deposit',    180000, 'Salary credit',           '2025-07-11 09:00:00'),
(12, 'Withdrawal', 90000,  'Utility bills payment',   '2025-07-12 10:00:00'),
(13, 'Deposit',    60000,  'Tutoring income',         '2025-07-13 15:00:00'),
(14, 'Transfer',   400000, 'Business payment',        '2025-07-14 11:30:00'),
(15, 'Deposit',    320000, 'Salary credit',           '2025-07-15 09:00:00'),
(16, 'Withdrawal', 75000,  'Online shopping',         '2025-07-16 17:00:00'),
(17, 'Deposit',    110000, 'Rental income',           '2025-07-01 10:00:00'),
(18, 'Transfer',   250000, 'Family support',          '2025-07-02 12:30:00'),
(19, 'Deposit',    55000,  'Side hustle income',      '2025-07-03 14:00:00'),
(20, 'Withdrawal', 300000, 'Equipment purchase',      '2025-07-04 16:30:00');

-- ─── 20 Utility Bills ────────────────────────────────────────────────────────
INSERT OR IGNORE INTO utility_bills (user_id, bill_type, amount, status, due_date, payment_date, ts) VALUES
(1,  'Electricity', 15000,  'Paid',    '2025-07-10', '2025-07-08 10:00:00', '2025-07-01 09:00:00'),
(2,  'Water',       8000,   'Paid',    '2025-07-12', '2025-07-11 11:00:00', '2025-07-02 09:00:00'),
(3,  'Gas',         12000,  'Paid',    '2025-07-15', '2025-07-14 09:30:00', '2025-07-03 09:00:00'),
(4,  'Internet',    5000,   'Paid',    '2025-07-08', '2025-07-07 14:00:00', '2025-07-04 09:00:00'),
(5,  'Electricity', 18000,  'Paid',    '2025-07-20', '2025-07-19 10:00:00', '2025-07-05 09:00:00'),
(6,  'Water',       9500,   'Paid',    '2025-07-18', '2025-07-17 11:30:00', '2025-07-06 09:00:00'),
(7,  'Gas',         11000,  'Paid',    '2025-07-22', '2025-07-21 09:00:00', '2025-07-07 09:00:00'),
(8,  'Internet',    6000,   'Paid',    '2025-07-05', '2025-07-04 15:00:00', '2025-07-08 09:00:00'),
(9,  'Electricity', 14000,  'Pending', '2025-07-30', NULL,                  '2025-07-09 09:00:00'),
(10, 'Water',       7500,   'Pending', '2025-07-28', NULL,                  '2025-07-10 09:00:00'),
(11, 'Gas',         13500,  'Paid',    '2025-07-14', '2025-07-13 10:00:00', '2025-07-11 09:00:00'),
(12, 'Internet',    5500,   'Paid',    '2025-07-09', '2025-07-08 16:00:00', '2025-07-12 09:00:00'),
(13, 'Electricity', 16000,  'Pending', '2025-07-31', NULL,                  '2025-07-13 09:00:00'),
(14, 'Water',       8800,   'Paid',    '2025-07-11', '2025-07-10 12:00:00', '2025-07-14 09:00:00'),
(15, 'Gas',         10500,  'Paid',    '2025-07-16', '2025-07-15 09:00:00', '2025-07-15 09:00:00'),
(16, 'Internet',    4800,   'Pending', '2025-07-29', NULL,                  '2025-07-16 09:00:00'),
(17, 'Electricity', 17500,  'Paid',    '2025-07-13', '2025-07-12 11:00:00', '2025-07-01 09:00:00'),
(18, 'Water',       9000,   'Paid',    '2025-07-17', '2025-07-16 10:30:00', '2025-07-02 09:00:00'),
(19, 'Gas',         12500,  'Pending', '2025-07-27', NULL,                  '2025-07-03 09:00:00'),
(20, 'Internet',    5200,   'Paid',    '2025-07-06', '2025-07-05 14:00:00', '2025-07-04 09:00:00');

-- ─── 20 Loans ────────────────────────────────────────────────────────────────
INSERT OR IGNORE INTO loans (user_id, account_id, loan_type, principal_amount, interest_rate, loan_term_months, outstanding_balance, status, created_at) VALUES
(1,  1,  'Home',      5000000, 6.2, 60, 4800000, 'Approved',     '2025-01-10 09:00:00'),
(2,  2,  'Auto',      2000000, 7.8, 48, 1900000, 'Disbursed',    '2025-02-15 09:00:00'),
(3,  3,  'Personal',  500000,  8.5, 24, 480000,  'Under Review', '2025-03-20 09:00:00'),
(4,  4,  'Education', 1000000, 5.5, 36, 950000,  'Approved',     '2025-04-05 09:00:00'),
(5,  5,  'Home',      8000000, 6.2, 60, 7900000, 'Under Review', '2025-05-01 09:00:00'),
(6,  6,  'Auto',      1500000, 7.8, 36, 1400000, 'Disbursed',    '2025-01-20 09:00:00'),
(7,  7,  'Personal',  300000,  8.5, 12, 280000,  'Approved',     '2025-02-28 09:00:00'),
(8,  8,  'Education', 750000,  5.5, 24, 700000,  'Disbursed',    '2025-03-10 09:00:00'),
(9,  9,  'Home',      3000000, 6.2, 48, 2950000, 'Under Review', '2025-04-15 09:00:00'),
(10, 10, 'Auto',      2500000, 7.8, 60, 2400000, 'Approved',     '2025-05-20 09:00:00'),
(11, 11, 'Personal',  400000,  8.5, 18, 380000,  'Disbursed',    '2025-01-05 09:00:00'),
(12, 12, 'Education', 600000,  5.5, 30, 570000,  'Under Review', '2025-02-10 09:00:00'),
(13, 13, 'Home',      6000000, 6.2, 60, 5900000, 'Approved',     '2025-03-25 09:00:00'),
(14, 14, 'Auto',      1800000, 7.8, 48, 1750000, 'Disbursed',    '2025-04-30 09:00:00'),
(15, 15, 'Personal',  700000,  8.5, 36, 660000,  'Under Review', '2025-05-15 09:00:00'),
(16, 16, 'Education', 900000,  5.5, 24, 860000,  'Approved',     '2025-01-25 09:00:00'),
(17, 17, 'Home',      4500000, 6.2, 60, 4400000, 'Disbursed',    '2025-02-20 09:00:00'),
(18, 18, 'Auto',      2200000, 7.8, 36, 2100000, 'Under Review', '2025-03-15 09:00:00'),
(19, 19, 'Personal',  350000,  8.5, 12, 330000,  'Approved',     '2025-04-10 09:00:00'),
(20, 20, 'Education', 1200000, 5.5, 48, 1150000, 'Disbursed',    '2025-05-05 09:00:00');
